,tag,quadrat.x,stem.x,sp,lx,ly,dbh.2013.x,cored_2009,status.2013,status.2014,status.2015,status.2016,status.2017,dbh.if.dead
8,10010,101,1,juni,7.3,12.2,578,1,A,A,A,A,A,
23,10122,101,1,juni,15.6,13.6,815,1,A,A,A,A,A,
31,10160,103,2,acru,11.5,2.6,591.0999756,1,A,A,A,A,A,
32,10160,103,2,acru,11.5,2.6,591.0999756,1,A,A,A,A,A,
33,10160,103,1,acru,11.5,2.6,623.5,1,A,A,A,A,A,
34,10160,103,1,acru,11.5,2.6,623.5,1,A,A,A,A,A,
42,10185,104,1,acru,10.9,2.7,559.2000122,1,A,A,A,A,A,
45,10189,104,1,acru,12.3,4.5,223.6999969,1,A,A,A,A,A,
47,10194,104,1,fagr,14.9,13.2,307.7999878,1,A,A,A,A,A,
66,10296,106,1,juni,9.7,9.2,571.5,1,A,A,A,A,A,
72,10424,106,1,caco,0.6,17,416.8999939,1,A,A,A,A,A,
109,10488,110,1,acru,3.2,5.2,311.1000061,1,A,A,A,A,A,
118,10517,107,1,quve,4.5,0.6,200,1,A,A,A,A,AU,
130,10539,108,1,fram,4.3,12,470.8999939,1,A,A,A,A,DS,472.5
144,10551,109,1,nysy,1.6,7.7,241.3000031,1,A,A,A,A,A,
169,10619,111,1,fagr,4.3,8.3,213,1,A,A,A,A,A,
179,10633,112,1,cato,1.9,0.4,336,1,A,A,A,A,A,
180,10636,112,1,quru,20,0.4,385,1,A,A,A,A,A,
183,10643,112,1,fagr,0.6,13,673,1,A,A,A,A,A,
184,10644,112,1,cato,6.4,11.4,301,1,A,A,A,A,A,
185,10647,112,1,fagr,9.5,13.5,153,1,A,A,A,A,A,
187,10653,114,1,caovl,5.8,4.1,160.5,1,A,A,A,A,A,
190,10664,114,1,fagr,16.8,9.7,148,1,A,A,A,A,A,
199,10675,114,1,fagr,12.1,11.5,208,1,A,A,A,A,A,
220,10704,113,2,cato,11.6,19.1,322,1,A,A,A,A,A,
221,10704,113,2,cato,11.6,19.1,322,1,A,A,A,A,A,
224,10705,113,1,caovl,3.8,17.4,225,1,A,A,A,A,A,
235,10726,115,1,qupr,4,8.1,723,1,A,A,A,A,A,
239,10730,115,1,fagr,9.8,15.7,145.5,1,A,A,A,A,A,
240,10731,115,1,qupr,8.4,15.9,618,1,A,A,A,A,A,
245,10743,115,1,fagr,18.7,19.8,124,1,A,A,A,A,A,
267,12032,118,1,fagr,8.8,8.6,182,1,A,A,A,A,A,
268,12033,118,1,qupr,6.8,9,478.5,1,DC,PD,PD,PD,PD,
287,12080,119,1,cato,7.1,17.8,322.1000061,1,A,A,A,DC,PD,330
311,12123,121,1,tiam,2.6,8.1,174.8999939,1,A,A,A,A,A,
319,12132,121,1,tiam,14.9,6.2,362.7000122,1,A,A,A,A,A,
334,12156,122,1,tiam,1.1,9,411.5,1,A,A,A,A,A,
335,12156,122,1,tiam,1.1,9,411.5,1,A,A,A,A,A,
342,12169,122,1,tiam,10.9,3.9,216.1000061,1,A,A,A,A,A,
348,12178,122,1,tiam,15.2,15.5,362,1,A,A,A,A,A,
349,12178,122,1,tiam,15.2,15.5,362,1,A,A,A,A,A,
357,12191,122,1,tiam,6.5,14.7,362.5,1,A,A,A,A,A,
359,12195,123,1,tiam,4,1.7,653,1,A,A,A,A,A,
364,12203,123,1,tiam,7.1,9.6,200.5,1,A,A,A,A,A,
390,12242,124,1,tiam,17.8,12.8,198.8000031,1,A,A,A,A,A,
392,12245,124,1,tiam,20,14,255.5,1,A,A,A,A,A,
411,12267,125,1,fram,19.9,12.6,206.3000031,1,A,DS,PD,PD,PD,
427,12303,126,1,fram,3.8,8.1,286,1,A,A,A,A,A,
438,12317,126,1,acru,12.6,17.2,388.2000122,1,A,A,A,A,A,
460,12354,128,1,juni,3.2,6.5,539,1,A,A,A,A,A,
464,12366,128,1,litu,16,14.1,106.1999969,1,A,A,A,A,A,
473,12387,129,1,juni,4.6,0.9,222.8000031,1,A,A,A,A,A,
480,12403,129,1,cato,13.5,7.6,191.5,1,A,A,A,A,A,
498,12445,130,1,quve,10,7.8,180.5,1,A,A,A,A,A,
507,12460,130,1,quru,13.4,15.9,412.5,1,A,A,A,A,A,
515,12473,130,1,litu,4,17.1,117.9000015,1,DS,PD,PD,PD,PD,
528,12490,131,1,litu,19.1,2.3,322,1,A,A,A,A,A,
571,20050,201,1,caco,7.4,10.3,246,1,A,A,A,A,A,
593,20151,203,1,acru,11.5,5.8,339.2000122,1,A,DC,PD,PD,PD,
594,20151,203,1,acru,11.5,5.8,339.2000122,1,A,A,PD,PD,PD,
595,20151,203,2,acru,11.5,5.8,285.2000122,1,A,DC,DS,PD,PD,250
596,20151,203,2,acru,11.5,5.8,285.2000122,1,A,A,DS,PD,PD,250
678,20586,208,2,acru,7,1.7,230.1000061,1,A,A,A,A,AU,
679,20586,208,2,acru,7,1.7,230.1000061,1,DS,PD,A,A,AU,
692,20605,208,1,caco,4.7,16.7,159.3000031,1,A,A,A,A,DS,154.5
703,20627,209,1,fagr,16,15.7,221.8999939,1,A,A,A,A,A,
712,20639,210,1,nysy,9.7,1.1,191,1,A,A,A,A,A,
715,20647,210,1,caco,13.7,7.5,217,1,A,A,A,A,A,
730,20674,211,1,nysy,15.6,1.3,208.5,1,A,A,A,A,A,
741,20693,211,1,fagr,16.1,19.8,232.1999969,1,A,A,A,A,A,
766,20757,213,1,cagl,1.7,4.8,381,1,A,A,A,A,A,
768,20760,213,1,caco,8.7,15.8,507.8999939,1,A,A,A,A,A,
788,20792,215,1,qupr,3,0.4,153,1,A,A,A,A,A,
801,20811,215,1,caco,11,15.4,369,1,A,A,A,A,A,
806,20820,216,1,fagr,5.6,4.6,186.5,1,A,A,A,A,A,
817,20835,216,1,qual,5.3,13,417.5,1,A,A,DS,PD,PD,429
821,20847,216,1,fagr,17.5,14.6,110.0999985,1,A,A,A,A,A,
822,20848,216,1,cato,20,14.8,221,1,A,A,A,A,A,
831,22014,217,1,qual,18.3,1.5,712.9000244,1,DS,PD,PD,PD,PD,
836,22031,217,1,qupr,15.7,17.8,701,1,A,A,A,A,A,
838,22036,217,1,cato,7.6,12.9,390.8999939,1,A,A,A,A,A,
846,22059,218,1,tiam,12.4,9.8,167.5,1,A,A,A,A,A,
850,22064,218,1,qupr,18.4,17.7,698,1,A,A,A,A,A,
869,22103,219,1,nysy,14.7,18.7,153.3000031,1,A,DS,PD,PD,PD,
872,22111,219,1,tiam,9.6,14.2,343,1,A,A,A,A,A,
876,22119,220,1,tiam,3.5,5.8,155,1,A,A,A,A,A,
879,22123,220,2,tiam,20,1.1,318.2000122,1,A,A,A,A,A,
880,22123,220,2,tiam,20,1.1,318.2000122,1,A,A,A,A,A,
899,22151,221,1,tiam,1.6,5.3,178,1,A,A,A,A,A,
902,22156,221,1,tiam,19.8,15.1,168,1,A,A,A,A,A,
907,22166,221,1,tiam,5.7,13.3,563.7000122,1,A,A,A,A,A,
916,22179,222,1,tiam,9,3.4,237.8000031,1,A,A,A,A,A,
931,22206,222,1,tiam,13.1,20,283.2000122,1,A,A,A,A,A,
943,22227,223,1,tiam,17.7,0.7,220,1,A,A,A,A,A,
954,22253,224,1,acru,5,0.4,431.5,1,A,A,A,A,A,
962,22261,224,1,tiam,15.7,1,214.5,1,A,A,A,A,A,
986,22319,225,1,cagl,19.5,16.4,216,1,A,A,A,A,A,
996,22335,226,1,cagl,10,8.8,282.7999878,1,A,A,A,A,A,
997,22336,226,1,quru,3.9,7.5,806.9000244,1,A,A,A,A,A,
1011,22363,226,1,caovl,9.9,11.9,171.5,1,A,A,A,A,A,
1015,22371,227,1,quve,5.4,6.6,405.2999878,1,A,A,A,A,A,
1040,22434,228,1,cato,12.5,7.2,178.6000061,1,A,A,A,A,A,
1043,22441,228,1,cato,19.1,14.3,582.7999878,1,A,A,A,A,A,
1086,22545,230,1,litu,17.2,6.9,612,1,A,A,A,A,A,
1104,22600,231,1,qupr,16.9,9.8,114.5,1,A,DS,PD,PD,PD,
1107,22603,231,1,litu,13,18.8,133.5,1,A,A,A,A,A,
1108,22604,231,1,litu,13.1,20,287.5,1,A,A,A,A,A,
1162,30062,303,1,fram,4.2,17.6,255,1,A,A,A,A,AU,
1185,30135,302,1,juni,13.3,4.1,262,1,A,A,A,A,A,
1215,30212,304,1,fagr,11.6,19.2,151.3000031,1,A,A,A,A,A,
1217,30214,305,1,fagr,14.6,4.7,134.5,1,A,A,A,A,A,
1230,30226,306,1,juni,11.6,4.5,373,1,A,A,A,A,A,
1237,30233,306,1,fagr,15.6,16.2,1046.800049,1,A,A,A,A,A,
1248,30256,310,1,fagr,9.3,18.4,601.2999878,1,A,A,A,A,A,
1249,30257,310,1,fagr,11.2,20,165.3999939,1,A,A,A,A,A,
1271,30304,305,1,caco,0.3,9.6,288,1,A,A,A,A,A,
1280,30315,306,1,juni,4.7,5.4,457,1,A,A,A,A,A,
1287,30333,306,1,fagr,14,19.3,222,1,A,A,A,A,A,
1327,30377,309,1,caco,4.1,0.3,239.8000031,1,A,A,A,A,A,
1329,30381,308,1,acru,16.1,12.3,329.7999878,1,A,A,A,A,A,
1342,30418,310,1,fagr,12.5,14,266,1,A,A,A,A,A,
1344,30421,311,1,fagr,13.1,2.8,622,1,A,A,A,A,A,
1352,30444,313,1,ulru,20,2.8,152.1000061,1,DS,PD,PD,PD,PD,
1370,30472,314,1,fagr,15.4,7.3,120,1,A,A,A,A,A,
1375,30483,314,1,fagr,15.6,15.5,190.5,1,A,A,A,A,A,
1391,30525,314,1,caco,8,6.8,188.3000031,1,A,A,A,A,DS,187
1396,30534,314,1,fagr,5.1,15.4,111.8000031,1,A,A,A,A,A,
1412,30564,315,1,cato,1.1,14,211,1,A,A,A,A,A,
1417,30571,316,1,cagl,2.4,4.3,286.7000122,1,A,A,A,A,A,
1439,30624,316,1,cato,9.8,14,254.8000031,1,A,A,A,A,A,
1466,32032,317,1,qupr,10.2,11.6,100.5999985,1,A,A,A,A,A,
1476,32050,318,1,tiam,3,2.9,411,1,A,A,A,A,A,
1477,32050,318,1,tiam,3,2.9,411,1,A,A,A,A,A,
1482,32060,318,1,tiam,18,18.5,329.5,1,A,A,A,A,A,
1483,32061,318,1,tiam,16.9,17.9,690.5,1,A,A,A,A,A,
1520,32116,320,1,tiam,6.4,12.2,299,1,A,A,A,A,A,
1521,32116,320,1,tiam,6.4,12.2,299,1,A,A,A,A,A,
1548,32178,322,1,tiam,10.7,16.1,232,1,A,A,A,A,A,
1551,32180,322,2,tiam,6.4,12.3,178.5,1,A,A,A,A,A,
1552,32180,322,2,tiam,6.4,12.3,178.5,1,A,A,A,A,A,
1555,32189,322,1,litu,1.8,18.6,515,1,A,A,A,A,A,
1558,32195,322,1,tiam,2.5,13.9,283,1,A,A,A,A,A,
1563,32215,323,1,tiam,2.9,8,164.6000061,1,A,A,A,A,A,
1600,32319,325,1,cato,13.8,3.5,331.1000061,1,A,A,A,A,A,
1622,32360,327,1,caovl,3,7.4,404.1000061,1,A,A,A,A,A,
1640,32367,327,1,cato,10.9,10.4,160.1999969,1,A,A,A,A,A,
1641,32368,327,1,quve,15.6,10.3,535.2000122,1,A,A,A,A,A,
1654,32381,327,1,qupr,4.6,12.8,834,1,A,A,A,A,A,
1696,32481,330,1,caovl,14.1,12.8,219.1000061,1,A,A,A,A,A,
1697,32484,330,1,litu,8,13.4,142.5,1,A,A,A,A,A,
1702,32493,331,1,quve,6.1,5.7,372,1,A,A,A,A,A,
1706,32498,331,1,quve,16,5.8,577.7999878,1,A,A,A,A,A,
1710,32505,331,1,nysy,13.2,14.3,194.5,1,A,A,A,A,A,
1725,32516,332,1,quru,8.4,0.8,387,1,A,A,A,A,A,
1751,40024,401,1,juni,6.9,12.6,284.2000122,1,A,A,A,A,A,
1752,40024,401,1,juni,6.9,12.6,284.2000122,1,A,A,A,A,A,
1788,40112,402,1,caco,0,9.7,289,1,A,A,A,A,A,
1800,40131,403,1,fram,5.2,1,674,1,A,A,A,A,A,
1820,40464,404,1,qupr,8.7,13.3,200,1,A,A,A,A,A,
1824,40479,405,1,fagr,1.6,0,165,1,A,A,A,A,A,
1825,40480,405,1,fagr,2.2,1.3,175.3999939,1,A,A,A,A,A,
1826,40485,405,1,fagr,7.5,5.8,184.5,1,A,A,A,A,A,
1828,40493,405,1,fagr,9.3,8.9,166.5,1,A,A,A,A,A,
1838,40522,404,1,cagl,14.1,15.6,238.5,1,A,A,A,A,A,
1841,40529,405,1,qupr,13.8,0.4,502,1,A,A,A,A,A,
1843,40533,405,1,quve,19,3.8,507.7999878,1,A,A,A,A,A,
1844,40535,405,1,fagr,13.2,9.5,166.5,1,A,A,A,A,A,
1845,40536,405,1,fagr,18.7,8.1,134.8000031,1,A,A,A,A,A,
1846,40538,405,1,qupr,18.5,12.7,542.5,1,A,A,A,A,A,
1847,40538,405,1,qupr,18.5,12.7,542.5,1,DS,PD,A,A,A,
1852,40549,406,1,fagr,15.8,0.9,174.8000031,1,A,A,A,A,A,
1853,40550,406,1,cato,18.9,2,268.7999878,1,A,A,A,A,A,
1854,40554,406,1,fagr,18,10.3,430.5,1,A,A,A,A,A,
1857,40563,406,1,fagr,3.6,17.8,365,1,A,A,A,A,A,
1872,40585,408,1,fagr,4.6,8.6,161,1,A,A,A,A,A,
1873,40586,408,1,qupr,6.9,9.2,148.1000061,1,A,A,A,A,A,
1895,40649,409,1,quru,15.1,0.6,606.4000244,1,A,A,A,A,A,
1897,40662,409,1,caco,19.4,13.2,174,1,A,A,A,A,A,
1913,40717,410,1,qual,5.2,1.8,257,1,A,A,A,A,A,
1934,40853,411,1,fram,14.5,19,427.5,1,A,A,A,A,AU,
1935,40853,411,1,fram,14.5,19,427.5,1,A,A,A,A,AU,
1936,40853,411,1,fram,14.5,19,427.5,1,A,A,A,A,AU,
1942,40873,412,1,fagr,15.9,13.4,325,1,A,A,A,A,A,
1943,40873,412,1,fagr,15.9,13.4,325,1,A,A,A,A,A,
1953,40889,413,1,fagr,14.9,4.2,144,1,A,A,A,A,A,
1996,40952,414,1,caco,11.5,7.3,616.2000122,1,A,A,A,AU,DS,613
2003,40969,415,1,tiam,4.6,6.6,304.5,1,A,A,A,AU,AU,
2004,40969,415,1,tiam,4.6,6.6,304.5,1,A,A,A,AU,AU,
2046,42001,417,1,acru,4.5,2.1,395.5,1,A,A,A,A,A,
2093,42087,419,1,tiam,10.8,13.1,183,1,A,A,A,A,A,
2097,42092,420,1,quru,10.1,0.4,446,1,A,A,A,A,A,
2106,42109,420,1,cato,19.6,15.3,180.1999969,1,A,A,A,A,A,
2139,42207,423,1,quve,4,2.5,213,1,A,A,A,A,A,
2160,42248,424,1,quve,0.5,2.5,792,1,A,A,A,A,AU,
2175,42283,425,1,quve,2.3,9.9,483,1,A,A,A,A,A,
2178,42287,425,1,litu,3.9,3.3,255,1,A,A,A,A,A,
2190,42304,425,1,quve,3.4,11.2,359.7999878,1,A,A,A,DS,PD,367
2218,42362,427,1,qual,0.8,8.3,356,1,A,A,A,A,A,
2227,42382,427,1,cato,0.7,19.8,183.8000031,1,A,A,A,A,A,
2228,42383,427,1,cagl,2.7,19.5,208.5,1,A,A,A,A,A,
2232,42389,428,1,qupr,1.2,5.1,375,1,A,A,A,A,A,
2234,42393,428,1,caovl,20,3,406.1000061,1,A,A,A,A,A,
2236,42395,428,1,cato,16.7,5.7,165.3000031,1,A,A,A,A,A,
2266,42544,430,1,litu,11.5,13,312.5,1,A,A,A,A,A,
2277,42566,431,1,caovl,18.5,10.5,502.5,1,A,A,A,A,A,
2295,42588,432,1,caovl,2,3.3,281,1,A,A,A,A,A,
2296,42590,432,1,caovl,17.1,5.8,154,1,A,A,A,A,A,
2321,50046,501,1,quru,16.9,12.9,278.1000061,1,A,A,A,A,A,
2333,50172,503,1,caovl,6.7,6.2,239.8000031,1,A,A,A,A,A,
2348,50206,502,1,cato,17,8.3,270,1,A,A,A,A,A,
2365,50234,504,1,qual,15.4,0.5,275.5,1,A,A,A,A,A,
2367,50244,504,1,cagl,10.7,7.8,248.5,1,A,A,A,A,A,
2368,50246,504,1,cagl,9.7,9.3,263.5,1,A,A,A,A,A,
2372,50262,505,1,caovl,1.2,0.9,172,1,A,A,A,A,A,
2373,50267,504,1,cato,15.9,15.4,449,1,A,A,A,A,A,
2376,50274,505,1,quru,12.6,1.6,533,1,A,A,A,A,A,
2379,50281,505,1,litu,17.5,8.4,139,1,A,A,A,A,A,
2383,50299,506,1,fagr,13.9,2.3,191.6000061,1,A,A,A,A,A,
2384,50300,506,1,nysy,10.6,1.3,174.8000031,1,A,A,A,A,A,
2385,50301,505,1,fagr,3.4,1.2,113,1,A,A,A,A,A,
2393,50314,505,1,qual,7.2,17,412.7999878,1,A,A,A,A,A,
2396,50322,506,1,qual,4.1,0.3,499,1,A,A,A,A,A,
2397,50323,506,1,qupr,2.7,1.8,546.0999756,1,A,A,A,A,A,
2401,50330,506,1,fagr,9.5,8.1,157.8999939,1,A,A,A,A,A,
2403,50336,506,1,caovl,3.7,14.3,332.7999878,1,A,A,A,A,A,
2405,50339,506,1,cato,8.1,17.3,186.1000061,1,A,A,A,A,A,
2406,50340,506,1,fagr,7.7,17.8,162.3999939,1,A,A,A,A,A,
2418,50367,508,1,qupr,10.7,3,195.8000031,1,A,DS,PD,PD,PD,
2454,50404,506,1,quve,15,3.6,241.1999969,1,A,A,A,A,A,
2456,50406,506,1,litu,17.9,7.1,351.7999878,1,A,A,A,A,A,
2459,50415,506,1,nysy,17.8,15.9,155.1999969,1,A,A,A,A,A,
2460,50416,506,1,nysy,18.2,17.7,433.5,1,A,A,A,A,A,
2462,50426,507,1,qual,14.1,9.5,323.6000061,1,A,A,A,A,A,
2466,50433,507,1,fagr,17.9,10.3,141.6999969,1,A,A,A,A,A,
2467,50434,507,1,qupr,18.5,16.7,125.5999985,1,A,A,A,DS,PD,126
2469,50442,507,1,caovl,9.4,18.2,406.1000061,1,A,A,A,A,A,
2474,50455,508,1,qual,19.5,18.5,333.8999939,1,A,A,A,A,A,
2486,50474,509,1,litu,14.5,18,317.6000061,1,A,A,PD,PD,PD,
2487,50474,509,1,litu,14.5,18,317.6000061,1,DN,PD,PD,PD,PD,
2495,50483,510,1,qupr,7.6,11.1,452,1,A,A,A,A,A,
2508,50499,511,1,quru,7.7,12,624.7000122,1,A,A,A,A,A,
2509,50506,510,1,quru,1.3,12.9,281,1,DS,PD,PD,PD,PD,
2513,50517,511,1,qual,2.4,15.2,169.8999939,1,A,A,A,A,AU,
2519,50527,512,1,cagl,5.3,12.7,470.7000122,1,A,A,A,A,A,
2533,50555,513,1,litu,8.6,15.8,490,1,A,A,A,A,A,
2534,50555,513,1,litu,8.6,15.8,490,1,A,A,A,A,A,
2538,50557,513,1,fagr,9.2,18.4,279.7000122,1,A,A,A,A,A,
2539,50559,514,1,fagr,5.6,7.6,226.6999969,1,A,A,A,A,A,
2543,50563,514,1,fagr,2.6,14.9,265.7000122,1,A,A,A,A,A,
2551,50575,515,1,nysy,6.9,16.8,228.8000031,1,A,A,A,A,A,
2552,50575,515,1,nysy,6.9,16.8,228.8000031,1,A,A,A,A,A,
2591,50652,514,1,fagr,9.1,14.9,200.3999939,1,A,A,A,A,A,
2613,52010,517,1,fagr,9.9,5.7,161.3999939,1,A,A,A,A,A,
2622,52028,517,1,ulru,0.3,15.3,153,1,DS,PD,PD,PD,PD,
2630,52052,518,1,tiam,10.9,18.6,197.1000061,1,A,A,A,A,A,
2636,52064,519,1,cagl,7.1,2.9,319.5,1,A,A,A,A,A,
2645,52087,519,1,quru,1.1,11.1,1451,1,A,A,A,A,A,
2652,52111,520,1,qual,15.1,1.4,516,1,A,A,A,A,A,
2657,52124,520,1,cato,16.7,16.3,277.2000122,1,A,A,DS,PD,PD,281
2659,52130,520,1,fagr,5.9,14.1,177.1999969,1,A,A,A,A,A,
2683,52195,522,1,nysy,19,9.4,247.5,1,A,A,A,A,A,
2710,52250,524,1,cagl,12.5,12.2,605.9000244,1,A,A,A,A,A,
2719,52270,525,2,caovl,11.8,5.5,169.6000061,1,A,A,A,A,A,
2720,52270,525,2,caovl,11.8,5.5,169.6000061,1,A,A,A,A,A,
2725,52276,525,1,quve,7.3,10.7,828.9000244,1,A,DS,PD,PD,PD,
2732,52287,526,1,quru,4,8.5,676.5,1,A,A,A,A,A,
2761,52323,527,1,qupr,18.2,12.1,496.1000061,1,A,A,A,A,A,
2790,52369,529,1,cato,11.3,3,231.8999939,1,A,A,A,A,A,
2797,52388,530,1,litu,7.4,6.9,255.5,1,A,A,A,A,A,
2805,52403,530,1,quve,6.6,17.7,777.5,1,A,A,A,A,A,
2832,52462,532,1,qupr,18,10.4,373,1,A,A,A,A,A,
2839,60003,601,1,caco,12.3,2.6,229.5,1,A,A,A,A,A,
2847,60016,601,1,qual,12.9,11.7,521,1,A,A,A,A,A,
2851,60023,602,1,qupr,14.3,2.3,164.6999969,1,A,A,A,A,A,
2864,60059,603,1,cagl,14,13.6,545.4000244,1,A,A,A,A,A,
2865,60060,603,1,qual,13.3,14.8,231.6999969,1,A,A,A,AU,DS,247
2870,60078,604,1,qual,18,17.8,626.7999878,1,A,A,A,A,A,
2872,60083,604,1,litu,15.9,19.6,192.8999939,1,A,A,A,A,A,
2873,60086,605,1,fagr,10.7,0.8,186.1999969,1,A,A,A,A,A,
2884,60111,605,1,fagr,10.4,14.6,435,1,A,A,A,A,A,
2886,60116,606,1,quru,14.4,4.2,391,1,A,A,A,A,A,
2887,60121,606,1,qual,16.2,7.7,709,1,A,A,A,A,A,
2888,60124,606,1,caovl,14.2,15.8,300,1,A,A,A,A,A,
2889,60125,606,1,litu,19.6,15.8,105,1,A,A,A,A,A,
2892,60129,606,1,fagr,9.5,17.4,159.8999939,1,A,A,A,A,A,
2893,60130,606,1,litu,5.6,18.4,170,1,A,A,A,A,A,
2896,60135,607,1,fagr,16.6,3.5,134,1,A,A,A,A,A,
2903,60143,607,1,quru,16.2,13.9,288.7000122,1,A,A,A,A,A,
2904,60145,607,1,fagr,13,16.1,219.5,1,A,A,A,A,A,
2906,60160,608,1,cato,20,12,165.8000031,1,A,A,A,A,A,
2907,60161,608,1,qupr,17.5,11.7,867,1,A,A,A,A,A,
2911,60172,609,1,cagl,15.4,2.5,264,1,A,A,A,A,A,
2915,60187,609,1,qupr,10,11.5,623.4000244,1,A,A,A,A,A,
2930,60210,601,1,qual,4.2,14.8,221.8000031,1,A,A,A,A,A,
2945,60252,604,1,cagl,6.5,0.2,204.8000031,1,A,A,A,A,A,
2949,60266,604,1,cato,5.5,9.2,504.1000061,1,A,A,A,A,A,
2952,60275,604,1,nysy,7.1,19.7,176.1000061,1,A,A,A,A,A,
2955,60287,605,1,litu,2.1,9,454,1,A,A,A,A,A,
2956,60295,605,1,fagr,3.2,14.2,125.1999969,1,A,A,A,A,A,
2961,60315,606,1,qual,1.8,12.2,548,1,A,A,A,A,A,
2964,60327,607,1,qupr,7.6,6.9,519,1,A,A,A,A,A,
2965,60331,607,1,qual,3.3,8.3,441,1,A,A,A,A,A,
2968,60339,607,1,fagr,6.2,7.6,171.3999939,1,A,A,A,A,A,
2969,60345,608,1,quru,3.8,3.5,226.8999939,1,A,A,A,A,A,
2973,60348,608,1,qupr,4.2,7.4,588.2999878,1,A,A,A,A,A,
2974,60348,608,1,qupr,4.2,7.4,588.2999878,1,A,A,A,A,A,
2975,60349,608,1,cato,7.4,7.4,261.2999878,1,A,A,A,A,A,
2977,60353,608,1,quru,12.3,13.1,418.1000061,1,A,A,A,A,A,
2979,60358,608,1,caovl,0.1,7.3,246.1000061,1,A,A,A,A,A,
2982,60377,609,1,qual,2.7,8.9,449,1,A,A,A,A,A,
2986,60386,609,1,cagl,7.6,17.4,292.5,1,A,A,A,A,A,
2993,60414,611,1,quru,4.2,0,912,1,DS,PD,PD,PD,PD,
2997,60426,612,1,fagr,2.6,3,301.8999939,1,A,A,A,A,A,
3000,60431,612,1,caco,3.6,17.2,180.1000061,1,A,A,A,A,A,
3010,60449,614,1,acru,7.8,4.7,157,1,A,A,A,A,A,
3024,60467,615,1,fagr,1.2,14.7,193.8000031,1,A,A,A,A,A,
3033,60486,616,1,fagr,6,15.7,171.1999969,1,A,A,A,A,A,
3034,60487,616,1,tiam,1.5,19,231.6999969,1,A,A,A,A,A,
3046,60522,611,1,quru,13.2,16.7,290.5,1,A,A,A,A,A,
3062,60549,613,1,quve,15.6,8.1,410,1,A,A,A,A,A,
3063,60550,613,1,quru,19.4,10,538.4000244,1,A,A,A,A,A,
3066,60555,613,1,acru,19.8,9.7,284.6000061,1,A,A,A,A,A,
3069,60560,614,1,ulru,14.3,5.5,278.1000061,1,DS,PD,PD,PD,PD,
3084,60588,615,1,caco,13.4,7.3,292.2999878,1,A,A,A,A,A,
3088,60596,616,1,fagr,16,3.8,201.1999969,1,A,A,A,A,A,
3092,62007,617,1,quve,1.2,8.4,468.7000122,1,A,A,A,A,A,
3095,62019,617,1,quru,19,9.8,736.9000244,1,A,A,A,A,A,
3147,62139,620,1,caovl,12.6,4.5,203.6000061,1,A,A,A,A,A,
3148,62144,620,1,litu,16.5,17.4,744.5,1,A,A,A,A,A,
3150,62148,620,1,qual,10.4,14.8,349.7999878,1,A,A,A,A,A,
3157,62162,621,1,cagl,2.3,8.7,183.5,1,A,A,A,A,A,
3164,62173,621,1,nysy,10.3,1.7,167.8000031,1,A,A,A,A,A,
3176,62190,622,1,cagl,8.1,9.5,199.8000031,1,A,A,A,A,A,
3190,62234,623,1,cagl,9.7,7.1,191.5,1,A,A,A,A,A,
3199,62248,623,1,litu,20,18.6,226.1999969,1,A,A,A,A,A,
3221,62281,624,1,quru,3.2,12.3,817.2000122,1,A,A,A,A,A,
3239,62306,625,1,cato,1.3,15.9,328,1,A,A,A,A,A,
3246,62313,626,1,cato,18.9,3.6,206.1999969,1,A,A,A,A,A,
3248,62315,626,1,cagl,15.6,7.9,201.1000061,1,A,A,A,A,A,
3286,62372,628,1,quru,15.2,16.9,549,1,A,A,A,A,A,
3287,62373,628,1,qupr,14,12.4,283,1,A,A,A,A,A,
3289,62376,628,1,cagl,8.6,11.9,354.6000061,1,A,A,A,A,DS,374
3337,62445,632,1,cato,9.5,1.4,237.8000031,1,A,A,A,A,A,
3347,62464,632,1,nysy,4.1,16.1,244.1000061,1,A,A,A,A,A,
3351,70002,701,1,caco,6.6,3.6,511.5,1,A,A,A,A,A,
3360,70018,701,1,fagr,8.4,17,215.3999939,1,A,A,A,A,A,
3375,70065,703,1,cagl,5.8,8.5,194.8999939,1,A,A,A,A,A,
3376,70069,703,1,qual,4.9,11.4,676.5,1,A,A,A,A,A,
3383,70083,704,2,qupr,6.1,2.3,190.1999969,1,A,A,PD,PD,PD,
3384,70083,704,2,qupr,6.1,2.3,190.1999969,1,DS,PD,PD,PD,PD,
3386,70096,704,1,quru,3.3,12.7,866.9000244,1,A,A,A,A,A,
3392,70126,705,1,quru,9.3,12.5,821,1,A,A,A,A,A,
3398,70152,706,1,cagl,1.3,8.5,236.3999939,1,A,A,A,A,A,
3399,70159,706,1,qupr,3.3,16.7,367.1000061,1,A,A,A,A,A,
3400,70159,706,1,qupr,3.3,16.7,367.1000061,1,A,A,A,A,A,
3403,70162,706,1,caovl,6,19.8,477,1,A,A,A,A,A,
3413,70182,707,1,fagr,6.5,19.4,206.1000061,1,A,A,A,A,A,
3414,70184,708,1,qupr,0.2,0.9,135,1,A,A,A,A,A,
3420,70198,708,1,qupr,4.9,17.6,327.2000122,1,A,A,A,A,A,
3424,70207,701,1,acru,12.2,2.1,209.8000031,1,A,A,A,A,A,
3440,70256,703,1,cagl,20,10.4,224,1,A,A,A,A,A,
3446,70269,704,1,cagl,13.9,8.9,426.3999939,1,A,A,A,A,A,
3453,70308,705,1,qupr,19.6,17.1,618,1,A,A,A,A,AU,
3459,70332,706,1,cagl,18.4,12.1,242.3000031,1,A,A,A,A,A,
3460,70334,706,1,qupr,15.6,19.6,638.5,1,A,A,A,A,A,
3461,70343,707,1,cato,17.2,2.4,170.1999969,1,A,A,A,A,A,
3470,70371,708,1,qual,17.3,13.6,607.9000244,1,A,A,A,A,A,
3473,70382,709,1,quru,16.8,2.1,787.2000122,1,A,A,A,A,A,
3475,70388,709,1,caovl,13.2,7.3,170.6999969,1,A,A,A,A,A,
3481,70407,709,1,quru,6.1,5.4,701.5,1,A,A,A,A,A,
3487,70421,709,1,quru,8.8,19.5,734.5999756,1,A,A,A,A,A,
3488,70422,710,1,cato,7,0.5,209.8999939,1,A,A,A,A,A,
3491,70426,710,1,cagl,1.5,5.2,369,1,A,A,A,A,A,
3493,70428,710,1,nysy,6.3,8.2,201.1999969,1,A,A,A,A,A,
3494,70433,710,1,litu,11.4,13.8,716.9000244,1,A,A,A,A,A,
3512,70471,712,1,qual,16.5,17.1,355.1000061,1,A,A,A,A,AU,
3528,70492,714,1,nysy,0.1,11.2,198.6000061,1,A,A,A,A,A,
3535,70502,710,1,quru,17.8,0.4,567.9000244,1,A,A,A,A,A,
3536,70502,710,1,quru,17.8,0.4,567.9000244,1,DC,PD,A,A,A,
3544,70519,711,1,qual,15.5,3.3,544.7999878,1,A,A,A,A,A,
3546,70535,711,1,qual,15.2,15.9,398.2999878,1,A,A,A,A,A,
3547,70536,711,1,qual,11.9,7.4,583.9000244,1,A,A,A,A,A,
3549,70545,712,1,cagl,12.1,1.2,195,1,A,A,A,A,A,
3553,70559,712,1,qual,19.7,13.3,596,1,A,A,A,A,A,
3573,70596,714,1,tiam,8,16.3,266.6000061,1,A,A,A,A,A,
3578,70602,715,1,qual,18.4,6.7,280.7000122,1,A,A,A,A,AU,
3590,70622,716,2,caco,14.3,16.9,207.3000031,1,A,A,PD,PD,PD,
3591,70622,716,2,caco,14.3,16.9,207.3000031,1,DS,PD,PD,PD,PD,
3600,70653,715,1,tiam,4.1,13.2,471.7999878,1,A,A,A,A,A,
3614,72040,717,1,cato,18.2,18.9,164.3000031,1,A,A,A,A,A,
3647,72113,719,1,caovl,12.3,5.7,287.3999939,1,A,A,A,A,A,
3659,72140,720,1,quru,9.4,8.3,518,1,A,A,A,A,A,
3700,72232,722,1,qual,14.5,12.6,728.5,1,DS,PD,A,A,A,
3701,72232,722,1,qual,14.5,12.6,728.5,1,A,A,A,A,A,
3789,72361,728,1,qupr,1.1,5,330,1,A,A,A,A,DC,339
3811,72396,729,1,quru,18.6,18.2,783.9000244,1,A,A,A,A,A,
3824,72424,730,1,juni,7,19.5,613,1,A,A,A,A,A,
3836,72443,732,1,litu,10.9,7.4,193.1999969,1,A,A,A,A,A,
3847,72458,732,1,pist,4.2,13,296.1000061,1,A,A,A,A,A,
3865,80046,802,1,quve,11.8,17.7,620,1,A,A,A,A,AU,
3869,80056,802,1,quve,19,10.7,459.7999878,1,DS,PD,PD,PD,PD,
3876,80085,803,1,nysy,4.6,14.9,442.2999878,1,A,A,A,A,A,
3878,80089,804,1,qual,6.9,0,534.0999756,1,A,A,A,A,AU,
3891,80118,801,1,caco,7.5,8.3,214,1,A,A,A,A,A,
3896,80148,803,1,quve,16.2,0.5,760.2000122,1,A,A,A,A,A,
3897,80156,803,1,quve,18,5.9,345.2000122,1,A,DS,PD,PD,PD,
3898,80159,803,1,quve,14,8.3,273.1000061,1,A,A,A,A,A,
3902,80177,804,1,nysy,15.6,6.7,359.7000122,1,A,A,A,A,A,
3916,80230,805,1,qupr,9,6.9,358.7999878,1,A,A,A,A,A,
3918,80233,805,1,quru,12.6,3.7,736.7999878,1,A,A,A,A,AU,
3920,80235,805,1,quru,13.7,9.4,793.0999756,1,A,A,A,A,A,
3925,80248,805,1,litu,17.6,8.7,138.3999939,1,A,A,A,A,A,
3930,80284,806,1,nysy,14.6,3.9,182.3000031,1,A,A,A,A,A,
3932,80288,806,1,cagl,8.8,0.2,325.1000061,1,A,DS,PD,PD,PD,
3934,80301,804,1,cagl,14,18,158.1000061,1,A,A,A,A,A,
3936,80316,806,1,quru,10.4,14.2,791.2999878,1,A,A,A,A,A,
3939,80330,806,1,quru,16.9,13.8,524.9000244,1,A,A,A,A,A,
3948,80371,807,1,qual,18.7,8.3,306.2000122,1,DC,PD,PD,PD,PD,
3960,80437,808,1,qupr,13.5,6.8,259.2999878,1,DS,PD,PD,PD,PD,
3963,80451,808,1,qual,0.2,11.9,543,1,A,A,A,A,A,
3965,80458,808,1,qupr,9,13.3,684.9000244,1,A,A,A,A,A,
3968,80465,808,1,qupr,12.8,17,127.9000015,1,A,A,A,DC,PD,134
3972,80474,809,1,caovl,19.4,6,342.7999878,1,A,A,A,A,A,
3974,80479,809,1,cato,11.6,3.5,189.6999969,1,A,A,A,AU,DC,197
3977,80491,809,1,quru,5.2,17.7,1386.099976,1,A,A,A,A,A,
3979,80503,809,1,caovl,12.7,17.9,261.2000122,1,A,A,A,A,A,
3984,80513,809,1,cato,16.5,14.4,153,1,A,A,A,A,A,
3993,80532,813,1,cagl,7.4,5.6,203.8999939,1,A,A,A,A,A,
3998,80540,813,1,qual,7.9,8.7,172,1,A,A,A,A,A,
4004,80554,813,1,caovl,6.9,11.2,489.2000122,1,A,A,A,A,A,
4007,80559,813,1,nysy,8.9,17.8,434.6000061,1,A,A,A,A,A,
4018,80576,815,1,quve,3.5,8,565.9000244,1,A,A,A,A,A,
4020,80580,815,1,acru,19.8,10.2,323,1,A,A,A,A,A,
4033,80610,810,1,nysy,2.6,12.1,411.7999878,1,A,A,A,A,A,
4038,80619,810,1,cato,11.8,17.7,323.3999939,1,A,A,A,A,A,
4042,80625,810,1,cagl,16,19.7,381.8999939,1,A,A,A,A,A,
4045,80630,811,1,nysy,1.5,5.1,175.3000031,1,A,A,A,A,A,
4047,80632,811,1,cato,3.9,6.8,226.1000061,1,A,A,A,A,A,
4048,80634,811,1,cato,7.7,8.2,227.1000061,1,A,A,A,A,A,
4053,80640,811,1,caovl,0.7,14.4,569,1,A,A,A,A,A,
4062,80663,812,1,qupr,9.7,7.3,141.1000061,1,A,A,A,A,A,
4075,80694,816,1,juni,4.4,4.3,390.2000122,1,A,A,A,A,A,
4079,80703,810,1,cato,10.7,2.8,165.8999939,1,A,A,A,A,A,
4080,80706,810,1,cato,13.4,1.4,195,1,A,A,A,A,A,
4082,80711,810,1,litu,15.9,8.2,535,1,A,A,A,A,A,
4083,80714,810,1,nysy,10.9,10.5,202.3999939,1,A,A,A,A,A,
4084,80719,810,1,litu,18,14.8,209,1,A,A,A,A,A,
4093,80745,812,1,qual,11.9,9,628,1,A,A,A,A,A,
4094,80746,812,1,litu,12.3,11.9,237.5,1,A,A,A,A,A,
4095,80749,812,1,cato,15.2,14.8,168.6000061,1,A,A,A,A,A,
4105,80769,816,1,acru,11.4,5.9,224,1,A,A,A,A,A,
4110,80773,816,1,frni,19.6,17.3,282.8999939,1,DC,PD,PD,PD,PD,
4111,80774,816,1,acru,13.8,16.6,311.1000061,1,A,A,A,A,A,
4122,82021,817,1,nysy,12.1,3.4,166.8999939,1,A,A,A,A,A,
4140,82058,818,1,qual,1.7,8.6,298.2999878,1,A,A,A,A,A,
4142,82060,818,1,cagl,15.4,1.3,363.6000061,1,A,A,A,A,A,
4165,82115,819,1,quru,14.8,18.5,198.8000031,1,A,A,A,A,A,
4168,82120,819,1,quve,8.4,18.2,250.5,1,A,A,A,A,AU,
4172,82130,820,1,cagl,7.2,3.7,163.8999939,1,A,A,A,A,A,
4176,82138,820,1,quru,1.1,2.7,632.0999756,1,A,A,A,A,A,
4194,82173,821,1,cagl,12,9,352.1000061,1,A,A,A,A,A,
4216,82213,822,1,litu,16.3,8,646.0999756,1,A,A,A,A,A,
4221,82218,822,1,litu,19.3,16,626.5,1,A,A,A,A,A,
4222,82218,822,1,litu,19.3,16,626.5,1,DS,PD,A,A,A,
4238,82242,824,1,cagl,9.1,2.8,171.1999969,1,A,A,A,A,A,
4247,82259,824,1,nysy,5.7,12.9,196.3000031,1,A,A,A,A,A,
4270,82294,826,1,cagl,8.2,5.1,414.7999878,1,A,A,A,A,A,
4287,82317,827,1,litu,3.6,2.1,148.6000061,1,A,A,A,A,A,
4306,82347,828,1,acru,18,0.2,181.3000031,1,A,A,A,A,A,
4321,82365,829,1,qual,4.9,4.7,438.1000061,1,A,A,A,A,A,
4326,82368,829,1,litu,16.8,3.4,993.9000244,1,A,A,A,A,A,
4327,82368,829,1,litu,16.8,3.4,993.9000244,1,A,A,A,A,A,
4371,82434,832,1,quve,6,15.6,826.7999878,1,A,A,A,A,A,
4380,90009,901,1,caco,1.3,8.4,414.2999878,1,A,A,A,A,A,
4391,90062,902,1,fagr,4.7,9,239.8999939,1,A,A,A,A,A,
4394,90068,902,1,nysy,8.9,14.9,176.6000061,1,A,A,A,A,A,
4395,90069,902,1,ulru,6.5,15.7,194.8000031,1,A,A,A,DS,PD,204
4397,90084,902,1,quve,16.2,19.3,1117.099976,1,A,A,A,A,A,
4398,90104,902,1,quve,11.7,11.8,517.7999878,1,A,A,A,A,A,
4403,90121,903,1,fagr,2.2,9.3,241,1,A,A,A,A,A,
4406,90130,903,1,qual,10.6,11.5,165.8000031,1,A,A,A,A,A,
4421,90185,904,1,nysy,2.7,14.9,182.1000061,1,A,A,A,A,A,
4426,90249,902,1,ulru,18.7,6.1,276.7000122,1,DS,PD,PD,PD,PD,
4428,90273,903,1,qual,13.6,6.2,168.1999969,1,A,A,A,A,A,
4430,90276,903,1,fagr,14.5,7.1,262.2000122,1,A,A,A,A,A,
4434,90283,903,1,qual,17.1,18.8,487,1,A,A,A,A,A,
4435,90284,903,1,fagr,15.9,19.2,180.1000061,1,A,A,A,A,A,
4437,90287,904,1,litu,19.4,4.9,500.3999939,1,A,A,A,A,A,
4440,90292,904,1,fagr,18.7,7.4,132.5,1,A,A,A,A,A,
4445,90311,904,1,cagl,17.5,15.8,167.8000031,1,A,A,A,A,A,
4453,90369,905,1,litu,12.6,14.6,127.3000031,1,A,A,A,A,A,
4470,90484,906,1,nysy,19.4,12,177.8000031,1,A,DS,PD,PD,PD,
4471,90486,906,1,litu,16.8,14.6,554.9000244,1,A,A,A,A,A,
4477,90510,909,1,quru,15,6.7,239.1999969,1,DC,PD,PD,PD,PD,
4486,90522,910,1,cagl,10.8,7.2,327.2999878,1,A,A,A,A,A,
4495,90529,910,1,quru,12.7,18.5,320,1,A,A,A,A,A,
4504,90539,911,1,cato,18.9,11.1,338,1,A,A,A,A,A,
4507,90542,911,1,cagl,13.9,12.4,382.8999939,1,A,A,A,A,AU,
4508,90544,911,1,qupr,18.5,15.4,188,1,A,A,A,A,A,
4509,90546,911,1,qual,16.1,19.7,664.9000244,1,A,A,A,A,A,
4512,90552,912,1,caovl,19.1,6.6,421.5,1,A,A,A,A,A,
4513,90556,912,1,cato,12.3,10.2,167.8000031,1,A,A,A,A,A,
4514,90558,912,1,qual,17.9,12.9,411.5,1,A,A,A,A,AU,
4518,90567,912,1,fagr,10.3,12.3,170.1999969,1,A,A,A,A,A,
4522,90577,913,1,quve,15.6,8.2,635.5,1,A,DS,PD,PD,PD,
4545,90616,910,1,fagr,0.2,13.8,221.3000031,1,A,A,A,A,A,
4546,90616,910,1,fagr,0.2,13.8,221.3000031,1,A,A,A,A,A,
4547,90616,910,1,fagr,0.2,13.8,221.3000031,1,A,A,A,A,A,
4558,90631,911,1,quve,1.5,13.9,170.5,1,A,A,A,A,AU,
4559,90634,911,1,quve,3.6,17.6,407.2000122,1,A,A,A,A,A,
4564,90645,912,1,litu,1.2,4.5,163.8999939,1,A,A,A,A,A,
4566,90650,912,1,quve,0.6,12.3,723.2999878,1,A,A,DS,PD,PD,744
4567,90653,912,1,qupr,3.6,16,441,1,A,A,A,A,A,
4570,90658,913,1,fagr,0.3,5.4,245.1000061,1,A,A,A,A,A,
4606,90752,916,1,qual,12.4,7.4,510.1000061,1,A,A,A,A,A,
4611,91302,906,1,caovl,14.2,5.7,625.0999756,1,A,A,A,A,A,
4614,91321,907,1,cagl,9.2,3.6,344,1,A,A,A,A,A,
4616,91327,907,1,cagl,1,5.3,422.2999878,1,A,A,A,A,A,
4617,91332,907,1,caovl,9.8,9,490.1000061,1,A,A,A,A,A,
4626,91377,908,1,litu,5.6,18.4,377.1000061,1,A,A,A,A,A,
4628,91382,909,1,cato,4,6.4,204.6000061,1,A,A,A,A,DS,210
4629,91385,909,1,caovl,8,9.6,429.7999878,1,A,A,A,A,A,
4631,91391,909,1,cato,4,14.3,444.1000061,1,DS,PD,PD,PD,PD,
4634,91403,906,1,cato,5.8,1.7,250.1000061,1,A,A,A,A,A,
4652,91487,908,1,cagl,14,11.8,349.5,1,A,A,A,A,A,
4654,91491,908,1,litu,14.5,14.6,128.5,1,A,A,A,A,A,
4655,91493,908,1,quve,18,17.6,324.2000122,1,A,A,A,A,A,
4658,91499,909,1,quve,12.3,2.4,318.1000061,1,A,A,A,A,A,
4687,92046,918,1,qual,9.3,0.8,578.9000244,1,A,A,A,A,A,
4720,92113,919,1,caovl,12.7,17.6,182.3999939,1,A,A,A,A,A,
4726,92124,920,1,acru,1.3,1.7,167.1999969,1,A,A,A,A,A,
4744,92171,921,1,nysy,2.1,1,238.1999969,1,A,A,A,A,A,
4747,92175,921,1,cato,8,2.3,333.2999878,1,A,A,A,A,A,
4762,92204,921,1,cagl,6.6,17.6,359.1000061,1,A,A,A,A,A,
4777,92237,922,1,nysy,14.7,19.5,218.1000061,1,A,A,A,A,A,
4783,92250,922,1,quru,6.2,14.8,229.1000061,1,A,A,A,A,A,
4815,92384,925,1,litu,2.2,1.5,124.1999969,1,A,A,A,A,A,
4816,92386,925,1,litu,6.4,0.2,367,1,A,A,A,A,A,
4836,92415,926,1,nysy,12.4,0.2,206.8000031,1,A,A,A,A,A,
4839,92422,926,1,nysy,12.6,7,158.8000031,1,A,A,A,A,A,
4844,92435,926,1,nysy,13.4,18,171.1000061,1,A,A,A,A,A,
4860,92454,927,1,caovl,18.6,13.7,469.8999939,1,A,A,A,A,A,
4861,92454,927,1,caovl,18.6,13.7,469.8999939,1,A,A,A,A,A,
4883,92486,928,1,litu,10.3,18.1,183.5,1,A,A,A,A,A,
4888,92493,928,1,litu,2.4,15.4,195,1,A,A,A,A,A,
4895,92505,929,1,litu,19.6,14.7,666.7999878,1,A,A,A,A,A,
4928,92559,932,1,acru,10.3,6.2,308.8999939,1,A,A,A,A,A,
4931,92562,932,1,fagr,15.2,16.9,170.1999969,1,A,A,A,A,A,
4946,100133,1002,1,ulru,14.9,3,269.7999878,1,DS,PD,PD,PD,PD,
4949,100147,1002,1,nysy,11.8,6.9,248.1999969,1,A,A,A,A,A,
4963,100540,1004,1,quru,11.1,8.3,470.5,1,A,A,A,A,A,
4965,100551,1004,1,quve,16.6,11.3,414.6000061,1,A,A,A,A,A,
4966,100552,1004,1,quru,13.8,12,454.5,1,A,A,A,A,A,
4980,100680,1004,1,cagl,1.6,1,280.8999939,1,A,A,A,A,A,
4991,100771,1005,1,quru,8.5,17,921.0999756,1,A,A,A,A,A,
4996,100795,1006,1,nysy,4.7,7.4,212.5,1,A,A,A,A,A,
4998,100818,1005,1,nysy,17.3,18.4,212,1,A,A,A,A,A,
5000,100834,1006,1,nysy,16.1,5.6,210,1,A,A,A,A,A,
5021,100919,1008,1,caovl,15.7,13.6,193.6999969,1,A,A,A,A,A,
5033,100942,1009,1,qupr,16.2,7.4,277.2999878,1,A,A,A,A,A,
5039,100954,1009,1,litu,9.1,16.1,219.1999969,1,A,A,A,A,A,
5041,100956,1010,1,fagr,11.7,1.3,150.3999939,1,A,A,A,A,A,
5045,100961,1010,1,cagl,18.3,14.2,230.6000061,1,A,A,A,A,A,
5046,100963,1010,1,caovl,11.1,14.7,192.6000061,1,A,A,A,A,A,
5049,100974,1011,1,cagl,18.3,4.3,176.8999939,1,A,A,A,A,A,
5052,100979,1011,1,cato,10.3,4.8,210,1,A,A,A,A,A,
5054,100985,1011,1,fagr,13.7,14.6,168.6000061,1,A,A,A,A,A,
5055,100985,1011,1,fagr,13.7,14.6,168.6000061,1,A,A,A,A,A,
5058,100990,1011,1,qual,5.5,11.5,639.5,1,A,A,A,A,A,
5059,100993,1012,1,cato,16.7,0.6,274.1000061,1,A,A,A,A,A,
5061,100997,1012,1,litu,10.1,5.8,123.0999985,1,A,A,A,A,A,
5070,101016,1006,1,nysy,6,17.9,445.6000061,1,A,A,A,A,DS,446
5071,101019,1006,1,nysy,9.4,13.6,342.7999878,1,A,A,A,A,DS,346.5
5086,101075,1008,1,qupr,3,13.1,360.2000122,1,A,A,A,A,A,
5100,101100,1010,1,fagr,1.1,0.5,168.3999939,1,A,A,A,A,A,
5107,101117,1011,1,cato,4.8,6.6,213.5,1,A,A,DS,PD,PD,210
5109,101121,1011,1,qupr,0,16.7,119.0999985,1,A,A,A,A,A,
5110,101123,1012,1,quve,4.8,1.2,386.3999939,1,A,A,A,A,A,
5114,101134,1012,1,cato,0.1,12.4,199.1000061,1,A,A,A,A,A,
5115,101136,1012,1,quru,4,14.1,203.6000061,1,A,A,A,A,A,
5124,101159,1013,1,cagl,3.2,6.8,229,1,A,A,A,A,A,
5149,101212,1012,1,qual,10.3,15.1,716.2000122,1,A,A,A,A,A,
5150,101215,1013,1,quve,19,13.5,769.2000122,1,A,A,A,A,A,
5161,101239,1014,1,cato,17.1,14.6,514.5,1,A,A,A,A,A,
5174,101281,1016,1,caco,19.2,5.4,223.5,1,A,A,A,A,A,
5215,102124,1019,1,acru,1.7,2.5,363.3999939,1,A,A,A,A,A,
5229,102146,1019,1,acru,8,17.4,235,1,A,A,A,A,A,
5231,102148,1019,1,cato,2,15.4,251.1999969,1,A,A,A,A,A,
5235,102157,1020,1,fagr,20,2.2,238.8999939,1,A,A,A,A,A,
5268,102238,1022,1,quve,1,1,774.5,1,A,A,A,A,AU,
5285,102271,1023,1,qual,13,2.5,751.0999756,1,A,A,A,A,A,
5286,102273,1023,1,pist,13.8,0.7,233.1999969,1,A,DS,PD,AU,AU,
5287,102273,1023,1,pist,13.8,0.7,233.1999969,1,DS,PD,PD,AU,AU,
5290,102279,1023,1,pist,14.7,11.8,358.1000061,1,A,A,A,A,A,
5301,102310,1024,1,qual,11,1.5,460,1,A,A,A,A,A,
5310,102335,1024,1,cagl,2,14.9,237.8000031,1,A,A,A,A,A,
5330,102371,1026,1,qual,1.6,6.6,783,1,A,A,A,A,A,
5331,102373,1026,1,nysy,16.1,3,185.8999939,1,A,A,A,A,A,
5350,102404,1027,1,litu,0.3,3.8,272.3999939,1,A,A,A,A,A,
5355,102411,1027,1,cagl,16.2,11.3,113.5,1,A,A,A,A,A,
5455,110001,1101,1,ulru,20,1.4,188.1999969,1,A,A,A,A,A,
5461,110086,1101,1,ulru,10.5,9.8,370.8999939,1,DS,PD,PD,PD,PD,
5462,110086,1101,1,ulru,10.5,9.8,370.8999939,1,DS,PD,PD,PD,PD,
5463,110128,1101,1,litu,12.7,18,741,1,A,A,A,A,A,
5465,110155,1101,1,ulru,7.6,18.9,160.6999969,1,A,A,A,A,A,
5472,110331,1102,1,quru,1.8,8.7,238.3999939,1,A,A,A,A,A,
5473,110355,1102,1,ulru,7.3,9.8,200,1,DC,PD,PD,PD,PD,
5474,110379,1102,1,litu,6.1,17.2,794.9000244,1,A,A,A,A,A,
5476,110492,1102,1,ulru,8.1,14.9,176.5,1,DS,PD,PD,PD,PD,
5482,110579,1103,1,ulru,16.5,15.2,224.3000031,1,DC,PD,PD,PD,PD,
5493,110727,1103,1,quru,6.8,15.6,234.1000061,1,A,A,A,A,AU,
5500,110791,1104,1,litu,11.3,10,651.2000122,1,A,A,A,A,A,
5501,110795,1104,1,fagr,9.5,16.4,192.5,1,A,A,A,A,A,
5502,110797,1104,1,fagr,13.1,18,224,1,A,A,A,A,A,
5503,110798,1104,1,litu,16,15.5,712.2999878,1,A,A,A,A,A,
5505,110811,1104,1,quru,1.4,16.8,613.9000244,1,A,A,A,A,A,
5508,110819,1105,1,quve,5,8.1,738.5,1,A,A,A,A,A,
5511,110870,1106,1,qual,4.1,2.4,210,1,A,A,A,A,A,
5520,110914,1105,1,litu,11,10.5,561.7000122,1,A,A,A,A,AU,
5522,110920,1105,1,quve,19.1,16.5,775.2000122,1,A,A,A,DS,PD,795
5526,110950,1106,1,litu,19.3,4,286.7000122,1,A,A,A,A,A,
5527,110952,1106,1,litu,17.5,7.6,106.8000031,1,A,A,A,A,DS,109.3
5535,110977,1106,1,quru,6.7,19.7,167.3000031,1,A,A,A,A,A,
5541,111011,1107,1,litu,15,7.8,165.1000061,1,DS,PD,PD,PD,PD,
5544,111014,1107,1,litu,13.9,12.2,671.2999878,1,A,A,A,A,A,
5548,111030,1107,1,litu,15.1,19.9,600.5,1,A,A,A,A,A,
5553,111033,1107,1,litu,8.6,18.8,128.8000031,1,DS,PD,PD,PD,PD,
5560,111051,1108,1,litu,16.9,15.5,470,1,A,A,A,A,A,
5576,111077,1109,1,cato,7.8,15.2,164.8000031,1,A,DS,PD,PD,PD,
5589,111094,1110,1,cagl,10.1,16.9,351.7000122,1,A,A,A,A,A,
5597,111134,1108,1,litu,0.4,8.3,561.5,1,A,A,A,A,A,
5610,111163,1109,1,quve,2.7,12.4,511.7999878,1,A,A,A,A,A,
5614,111169,1110,1,cato,4.4,13.4,264.1000061,1,A,A,A,A,A,
5616,111171,1110,1,fagr,6.8,18.5,125,1,A,A,A,A,A,
5617,111172,1110,1,qupr,8.5,18.7,326.2999878,1,A,A,A,A,A,
5618,111173,1111,1,qupr,2.5,0.9,223,1,A,A,A,A,A,
5621,111180,1111,1,cato,3.1,12.5,337.7999878,1,A,A,A,A,A,
5623,111188,1112,1,cato,5.3,2.3,450.8999939,1,A,A,A,A,A,
5625,111190,1112,1,caco,7.4,8,347.2000122,1,A,A,A,A,A,
5627,111192,1112,1,cato,1.8,7.3,175.3000031,1,A,A,A,A,A,
5638,111208,1112,1,fagr,12.2,2.4,254.8999939,1,A,A,A,A,A,
5641,111212,1112,1,cagl,12,9.9,155.5,1,A,A,A,A,A,
5658,111240,1113,1,qupr,8.5,18.7,280.2000122,1,A,A,A,A,A,
5667,111252,1114,1,quru,10.9,10,331.2999878,1,A,A,A,A,A,
5673,111273,1115,1,caco,16.5,16.8,214.1999969,1,A,A,A,A,A,
5681,111293,1116,1,nysy,12.9,11.2,193.1000061,1,A,A,A,A,A,
5692,111314,1114,1,quru,1.4,11.4,727.2999878,1,A,A,A,A,A,
5700,111336,1116,1,caco,3,3.4,259,1,A,A,A,A,DS,242
5727,112082,1118,1,quru,2.4,0.9,343.7000122,1,A,A,A,A,A,
5750,112136,1120,1,pist,13.9,2.5,274.1000061,1,A,A,A,AU,AU,
5754,112142,1120,1,qual,16,3.5,385.6000061,1,A,A,A,A,A,
5757,112145,1120,1,pist,18.5,9.1,237.8000031,1,A,A,A,AU,AU,
5758,112146,1120,1,cato,4.7,7.8,180.5,1,A,A,A,A,A,
5765,112170,1121,1,pist,4.4,1.8,342.2000122,1,A,A,A,AU,AU,
5769,112180,1121,1,pist,10.1,8.3,187.3000031,1,A,A,A,AU,AU,
5770,112184,1121,1,cagl,1.8,5.4,470.5,1,A,A,A,A,A,
5783,112206,1121,1,quve,16,19.9,545.4000244,1,A,A,A,A,A,
5789,112215,1122,1,pist,16.2,1.1,165,1,A,A,A,AU,AU,
5807,112258,1123,1,pist,0.6,0.5,158.5,1,A,A,A,AU,AU,
5830,112310,1124,1,caco,1.2,14.9,160.6000061,1,A,A,A,A,A,
5837,112320,1125,1,cagl,2.5,5.5,398.2000122,1,A,A,A,A,A,
5839,112323,1125,1,juni,16.1,7.3,629.5,1,A,A,A,A,A,
5845,112336,1125,1,qual,17,13.8,516,1,A,A,A,A,A,
5848,112345,1125,1,nysy,2.9,19.2,192,1,A,A,A,A,A,
5854,112360,1126,1,caovl,17.8,17.1,267.1000061,1,A,A,A,A,A,
5860,112377,1126,1,nysy,0.9,3.6,170.1000061,1,A,A,A,A,A,
5874,112399,1127,1,cagl,8.9,10.9,173.6999969,1,A,A,A,A,A,
5907,112453,1127,1,caovl,17.1,13.9,291.7999878,1,A,A,A,A,A,
5959,120162,1202,1,quve,7.2,8.4,535.0999756,1,A,A,A,A,A,
5960,120200,1202,1,rops,3.5,11.8,495.7000122,1,DS,PD,PD,PD,PD,
5986,120756,1204,1,ulru,1.1,10.7,204.6000061,1,DS,PD,PD,PD,PD,
6016,120898,1205,1,litu,18.2,19.9,168.5,1,A,A,A,A,A,
6019,120924,1206,1,litu,12.3,5,137.6000061,1,A,A,A,A,A,
6037,121088,1207,1,cagl,4.4,6.7,215,1,A,A,A,A,A,
6039,121105,1207,1,cagl,19.9,14.3,523.2999878,1,A,A,A,A,A,
6044,121162,1208,1,caovl,18.2,18.2,306.6000061,1,A,A,A,A,A,
6049,121186,1210,1,quru,18.9,4.5,223.5,1,A,A,A,A,A,
6051,121190,1210,1,nysy,12.7,11.5,204,1,A,A,A,A,A,
6058,121212,1207,1,litu,12.7,12.5,851.0999756,1,A,A,A,A,A,
6077,121284,1209,1,litu,13.2,13.3,630,1,A,A,A,A,A,
6081,121292,1210,1,cato,4.5,8.5,236.5,1,A,A,A,A,A,
6082,121295,1210,1,nysy,4.8,15,181,1,A,A,A,A,A,
6083,121296,1210,1,cato,4,15.6,172,1,A,A,A,A,A,
6085,121298,1211,1,nysy,2.6,1,575.0999756,1,DS,PD,PD,PD,PD,
6087,121301,1211,1,caovl,1.2,2.5,241.3000031,1,A,A,A,A,A,
6089,121305,1211,1,quru,1.1,11.2,753.7999878,1,A,A,A,A,A,
6092,121310,1211,1,quru,9.3,18.1,256.3999939,1,A,A,A,DC,PD,265
6101,121324,1213,1,cato,7.2,8.5,289.1000061,1,DS,PD,PD,PD,PD,
6103,121329,1213,1,quru,1.2,14.5,413.5,1,A,A,A,A,A,
6114,121344,1214,1,cato,7.2,17,165.1999969,1,A,A,A,A,A,
6134,121379,1206,1,quve,12.5,19.3,677.5,1,A,A,A,A,A,
6148,121420,1213,1,caovl,9,11.5,309.7999878,1,A,A,A,A,A,
6150,121422,1213,1,litu,17.4,14,627.7999878,1,A,A,A,A,A,
6153,121425,1213,1,caovl,17.2,18.5,171.6000061,1,A,A,A,A,A,
6157,121430,1214,1,cato,19.9,10.5,164.5,1,A,A,A,A,A,
6159,121434,1214,1,quru,9,13.1,736.2999878,1,A,A,A,A,A,
6166,121449,1215,1,caco,17.7,17.4,600.5,1,A,A,A,A,A,
6174,121458,1216,1,cato,10.3,5.4,167.1000061,1,A,A,A,A,A,
6176,121463,1216,1,caco,16.1,11.4,199.6999969,1,A,A,A,A,A,
6186,122004,1217,1,caco,17,5.1,467.5,1,A,A,A,A,A,
6189,122009,1217,1,acru,1.2,4.1,277,1,A,A,A,A,A,
6206,122060,1218,1,quru,11.6,18.1,675.7999878,1,A,A,A,A,A,
6228,122128,1219,1,pist,18.3,16.6,206.8999939,1,DC,PD,PD,PD,PD,
6231,122131,1219,1,pist,10.7,15.9,306.1000061,1,A,A,A,AU,AU,
6235,122146,1220,1,pist,5.7,17.4,379.2000122,1,A,A,A,A,A,
6237,122149,1220,1,pist,2,17.4,149.3999939,1,A,A,A,A,AU,
6238,122150,1221,1,pist,0.8,0.7,331.7999878,1,A,A,A,A,A,
6240,122157,1221,1,pist,8.4,6.4,463.3999939,1,A,A,A,A,A,
6242,122159,1221,1,cagl,4.1,11.4,195.6999969,1,A,A,A,A,A,
6245,122164,1221,1,pist,9,14.3,188.8999939,1,A,A,A,A,AU,
6246,122165,1221,1,pist,5.8,16.7,224.6000061,1,A,A,A,A,A,
6247,122166,1221,1,pist,7.4,19,380.1000061,1,A,A,A,A,A,
6254,122180,1222,1,pist,2.8,8.3,315,1,A,A,A,A,A,
6257,122184,1222,1,pist,2.9,13.9,217.8000031,1,A,A,A,A,A,
6260,122187,1222,1,pist,9.5,14.9,298.8999939,1,A,A,A,A,A,
6273,122211,1220,1,qual,12.2,11.5,221.1000061,1,A,A,A,A,A,
6280,122229,1221,1,pist,12.3,16.7,209.3000031,1,A,A,A,A,A,
6300,122272,1223,1,cagl,18.7,9.9,352.1000061,1,A,A,A,A,A,
6303,122275,1223,1,pist,14.6,9.6,155.3999939,1,A,A,A,DS,PD,162
6305,122277,1223,1,cagl,14.2,14.2,157.5,1,A,A,A,A,A,
6313,122295,1224,1,juni,9.6,19.8,555.7999878,1,A,A,A,A,A,
6316,122302,1223,1,pist,7.2,8.3,193.8999939,1,A,A,A,A,A,
6329,122326,1224,1,cagl,0.6,13.4,360.2000122,1,A,A,A,A,A,
6342,122404,1226,1,qual,15.4,0.3,499.8999939,1,A,A,A,A,A,
6344,122407,1226,1,cagl,19.3,13.4,225.3999939,1,A,A,A,A,A,
6370,122458,1226,1,cagl,4.6,4.9,227,1,A,A,A,A,A,
6371,122459,1226,1,cagl,4.2,5.7,181.3000031,1,A,A,A,A,A,
6379,122474,1227,1,qual,2.3,12,617.5,1,A,A,A,A,A,
6380,122476,1228,1,cagl,11.2,10.5,200,1,A,A,A,A,A,
6391,122489,1229,1,cagl,2.8,4.3,282.1000061,1,A,A,A,A,A,
6392,122489,1229,1,cagl,2.8,4.3,282.1000061,1,A,A,A,A,A,
6403,122504,1229,1,ulru,16.2,16,213.3999939,1,A,A,A,DS,PD,213
6486,130579,1304,1,litu,11,9.2,698.2999878,1,A,A,A,A,A,
6508,130766,1308,1,cato,7.9,5,289.6000061,1,A,A,A,A,A,
6515,130788,1309,1,caovl,7.7,7.7,151.6000061,1,A,A,A,A,A,
6520,130911,1305,1,quve,16.1,15.2,370.5,1,DS,PD,PD,PD,PD,
6530,130991,1307,1,quve,15.1,0.6,722,1,A,A,A,A,AU,
6539,131009,1308,1,quve,13.9,0.7,757.5999756,1,A,A,A,A,A,
6542,131017,1308,1,litu,16.9,7.1,210.6000061,1,A,A,A,A,A,
6546,131032,1308,1,cagl,14.5,17.7,340,1,A,A,A,A,A,
6549,131047,1309,1,litu,12.5,3.4,120.0999985,1,A,A,A,A,A,
6556,131061,1309,1,caovl,17,12,291.8999939,1,A,A,A,A,A,
6563,131080,1310,1,litu,10.2,8.2,268,1,A,A,A,A,A,
6567,131087,1310,1,quru,17.3,17.8,665,1,A,A,A,A,A,
6568,131091,1311,1,caovl,12.2,2.3,221.5,1,A,A,A,A,A,
6572,131102,1309,1,nysy,2.9,14.3,305,1,A,A,A,A,A,
6575,131113,1310,1,cagl,6.6,0.9,525.0999756,1,A,A,A,A,A,
6578,131128,1310,1,cato,6,13.5,590.0999756,1,A,A,A,A,A,
6581,131138,1311,1,caovl,3.4,2,211.5,1,A,A,A,A,A,
6600,131173,1313,1,cato,3.1,0.5,215.8999939,1,A,A,A,A,A,
6608,131183,1313,1,cato,0.5,12.1,179.3999939,1,A,A,A,DS,PD,168.5
6643,131275,1315,1,caco,14.5,4.2,225.5,1,A,A,A,A,A,
6649,131304,1314,1,litu,1.5,18.2,649.5,1,A,A,A,A,A,
6656,131325,1315,1,caco,1.8,9.9,396,1,A,A,A,A,A,
6667,131360,1316,1,juni,11.9,10.7,335.2999878,1,DC,PD,A,A,A,
6668,131360,1316,1,juni,11.9,10.7,335.2999878,1,A,A,A,A,A,
6673,131364,1316,1,acru,12,12.9,421.1000061,1,A,A,A,A,A,
6674,131366,1316,1,acru,5.7,17.6,195.8999939,1,A,A,A,A,A,
6689,132010,1317,1,caco,8.7,19.5,278.7000122,1,A,A,A,DS,PD,281
6696,132030,1318,1,caco,1.8,1.2,388.2000122,1,A,A,A,A,A,
6704,132067,1319,1,nysy,6.6,5.3,334.2000122,1,A,A,A,A,A,
6718,132118,1318,1,ulru,10,2.9,175.5,1,A,DS,PD,PD,PD,
6719,132124,1318,1,caco,13.6,4.7,480,1,A,A,A,A,A,
6726,132158,1319,1,cagl,14.4,9.1,163.5,1,A,A,A,A,A,
6728,132168,1320,1,cagl,12.5,5.4,223.6999969,1,A,A,A,A,A,
6741,132194,1321,1,pist,11,11.1,172.3999939,1,A,A,A,A,AU,
6748,132206,1320,1,qual,3.1,16.3,480.2000122,1,A,A,A,A,A,
6766,132232,1322,1,quve,6.3,4.6,285.1000061,1,A,A,A,A,A,
6767,132233,1322,1,pist,9.9,7.6,323,1,A,A,A,A,A,
6769,132236,1322,1,pist,1.6,10.5,260.1000061,1,A,A,A,A,AU,
6773,132241,1322,1,pist,14.4,2.4,299.2999878,1,A,A,A,A,AU,
6776,132250,1323,1,quve,0.5,4.5,285,1,A,A,A,A,A,
6783,132270,1324,1,caovl,5.6,5.6,176.8999939,1,A,A,A,A,A,
6800,132308,1322,1,cato,20,7.3,342,1,A,A,A,A,A,
6810,132324,1323,1,cagl,12.4,7,234,1,A,A,A,A,A,
6832,132386,1326,1,quve,19.2,10.7,544.7999878,1,DC,PD,PD,PD,PD,
6836,132396,1327,1,quve,10.7,2.4,649.2999878,1,A,A,A,A,A,
6870,132459,1330,1,cagl,5.5,15.1,196.8999939,1,A,A,A,A,A,
6883,132470,1332,1,acru,4,4,200,1,A,A,A,A,A,
6885,132474,1332,1,acru,0,11.2,242.3000031,1,A,A,A,A,A,
6902,132525,1329,1,fram,20,1.2,518.5,1,A,A,A,AU,AU,
6907,132531,1330,1,fagr,18.4,7.6,147.8000031,1,A,A,A,A,A,
6908,132532,1330,1,fagr,19.6,9.2,167,1,A,A,A,A,A,
6914,132542,1332,1,quve,15.4,2.9,718,1,A,A,A,A,A,
6917,132549,1332,1,acru,16.4,18.2,197.3000031,1,A,A,A,A,A,
6995,140733,1407,1,quve,4.2,7,712,1,A,A,A,A,A,
6996,140735,1407,1,litu,8.8,6.5,246.8999939,1,A,A,A,A,A,
6997,140736,1407,1,quve,2.4,13.6,652.5,1,A,A,A,A,A,
7000,140748,1407,1,litu,5.5,19.6,166.5,1,A,A,A,A,A,
7006,140756,1408,1,quve,1.3,6.2,707.2000122,1,A,A,A,A,A,
7009,140761,1408,1,quve,11.7,11.1,648.2000122,1,A,A,A,A,A,
7010,140764,1408,1,qupr,8.1,13.4,247.1999969,1,A,A,A,A,A,
7020,140810,1410,1,caovl,5.2,8.4,223,1,A,A,A,A,A,
7054,140881,1414,1,fram,7.2,13.3,611.0999756,1,A,A,A,A,A,
7056,140883,1414,1,fram,5.3,17.4,698.5999756,1,A,A,A,A,AU,
7067,140931,1408,1,quve,15.3,6.3,400.5,1,A,A,A,A,A,
7068,140934,1408,1,quve,17.1,10.1,503,1,A,A,A,A,A,
7069,140935,1408,1,quve,19.8,15,441.2000122,1,DS,PD,PD,PD,PD,
7071,140947,1408,1,cato,9.2,16.1,241,1,A,A,A,A,A,
7095,141031,1411,1,qupr,18.9,19.3,422.8999939,1,A,A,A,A,A,
7126,141124,1416,1,fram,18.3,0.4,190.6000061,1,A,A,A,A,AU,
7132,141142,1416,1,juni,10.9,17.4,444.1000061,1,A,A,A,A,A,
7150,142001,1417,1,caco,11.1,3.6,309.3999939,1,A,A,A,A,A,
7154,142015,1417,1,quve,8.5,14.4,519,1,A,A,A,A,A,
7160,142046,1418,1,pist,13.5,5.2,346,1,A,A,A,A,A,
7164,142068,1418,1,caovl,14.5,13.5,383.8999939,1,A,A,A,A,A,
7165,142069,1418,1,cagl,14.3,14.8,163.5,1,A,A,A,A,A,
7166,142078,1419,1,caco,19.6,1.6,193.1999969,1,A,A,A,A,A,
7182,142181,1419,1,caco,5.1,5.8,228.6999969,1,A,A,A,A,A,
7187,142206,1419,1,fram,18.5,16.5,854.7000122,1,A,A,A,A,A,
7190,142220,1420,1,caco,17,1.7,307.8999939,1,A,A,A,A,A,
7193,142246,1420,1,cagl,13.9,14.9,244.5,1,A,A,A,A,A,
7221,142360,1424,1,qupr,19,18.4,265.3999939,1,A,A,A,A,A,
7223,142363,1424,1,qual,5.2,18.7,503.3999939,1,A,A,A,A,A,
7241,142435,1420,1,cagl,6.8,2.7,184.1999969,1,A,A,A,A,A,
7246,142484,1421,1,pist,9.2,5.2,578.5,1,A,A,A,A,A,
7248,142491,1421,1,cato,9.2,9.8,196,1,A,A,A,A,A,
7260,142521,1422,1,pist,6.4,11.1,452,1,A,A,A,A,A,
7266,142539,1423,1,qual,1.3,14.4,605.2000122,1,A,A,A,A,A,
7277,142565,1425,1,qual,0.1,11.4,309.7999878,1,A,A,A,A,A,
7283,142575,1426,1,quve,1.8,6.4,499.5,1,A,A,A,A,A,
7288,142583,1427,1,qupr,3.3,4.6,506.7000122,1,A,A,A,A,A,
7296,142602,1427,1,qupr,13.3,6.1,609.7999878,1,A,A,A,A,A,
7298,142605,1427,1,qupr,18.4,7,530.9000244,1,A,A,A,A,DS,539
7325,142651,1430,1,fagr,19.5,16.3,216.8999939,1,A,A,A,A,A,
7339,142703,1428,1,fram,9.6,18,181.5,1,A,A,A,A,A,
7368,150048,1501,1,juni,9.8,5.7,466.5,1,A,A,A,A,A,
7424,150761,1503,1,juni,19.6,19.3,379,1,A,A,A,A,A,
7449,150798,1506,2,nysy,5,0.3,289.5,1,A,A,PD,PD,PD,
7450,150798,1506,2,nysy,5,0.3,289.5,1,DS,PD,PD,PD,PD,
7451,150798,1506,2,nysy,5,0.3,289.5,1,DS,PD,PD,PD,PD,
7478,150890,1510,1,quru,10.9,2.3,798.0999756,1,A,A,A,A,A,
7479,150902,1506,1,nysy,7.8,2.2,163,1,A,A,A,A,A,
7483,150911,1506,1,fagr,9.1,19,195.3000031,1,A,A,A,A,A,
7484,150913,1506,1,acru,6.7,19.9,297,1,A,A,A,A,A,
7495,150941,1508,1,fagr,4.5,8.6,164.1000061,1,A,A,A,A,A,
7496,150951,1508,1,quve,7.4,18,555.9000244,1,A,A,A,A,A,
7497,150957,1509,1,quve,1.9,2.4,571.2999878,1,DS,PD,PD,PD,PD,
7507,151021,1510,1,quru,3.7,16.7,545.7999878,1,A,A,A,A,A,
7530,151070,1514,1,cagl,0.4,12.1,666.2000122,1,A,A,A,A,A,
7534,151077,1514,1,caco,6.3,17.6,178.3999939,1,A,A,A,A,A,
7541,151120,1511,1,qupr,16.5,7.8,596.9000244,1,A,A,A,AU,DC,NULL
7544,151123,1511,1,fagr,11.5,12.1,176.1000061,1,A,A,A,A,A,
7545,151125,1511,1,litu,9,17,496.1000061,1,A,A,A,A,A,
7550,151140,1512,1,fagr,16.7,10.1,181.1999969,1,A,A,A,A,A,
7576,151193,1516,1,fagr,18.8,1.7,137.3999939,1,A,A,A,A,A,
7578,151196,1516,1,caovl,12.8,0.5,280.5,1,A,A,A,A,A,
7587,151609,1515,1,caco,2.7,15.5,165.8000031,1,A,A,A,A,AU,
7598,151634,1516,1,cato,8.8,20,222.1999969,1,A,DC,PD,PD,PD,
7627,152040,1518,1,cagl,0.1,0.1,165.1999969,1,A,A,A,A,A,
7630,152044,1518,1,qupr,4.6,4.5,387.1000061,1,A,A,A,A,A,
7631,152044,1518,1,qupr,4.6,4.5,387.1000061,1,A,A,A,A,A,
7637,152053,1518,1,cagl,19.4,9.5,211.1000061,1,A,A,A,DS,PD,212
7642,152069,1518,1,qupr,19.7,15.5,615.9000244,1,A,A,A,A,A,
7697,152431,1523,1,acru,0.1,1.1,235.8000031,1,A,A,A,A,AU,
7732,152490,1524,1,quve,14.3,17.8,540.2000122,1,A,A,A,A,A,
7741,152504,1525,1,nysy,19.4,8.6,304.3999939,1,A,A,A,A,A,
7755,152529,1526,1,fagr,16.5,2.5,313.6000061,1,A,A,A,A,A,
7781,152593,1527,1,nysy,9.9,18,175,1,A,A,A,A,A,
7795,152623,1528,1,juni,12.4,16.7,502.1000061,1,A,A,A,A,A,
7809,152645,1529,1,quve,4.2,11.6,665,1,A,A,A,A,A,
7816,152656,1529,1,quve,19,17.2,449.5,1,A,A,A,A,A,
7818,152659,1530,1,fram,7,4.4,176.5,1,A,A,A,AU,DS,180
7819,152661,1530,1,fagr,9.4,1.3,132.8999939,1,A,A,A,A,A,
7853,152702,1531,1,fram,14.5,14.4,417.5,1,A,A,A,AU,AU,
7860,152718,1532,2,cagl,7.9,9.2,321,1,A,A,A,A,A,
7861,152718,1532,2,cagl,7.9,9.2,321,1,A,A,A,A,A,
7875,160117,1602,1,ulam,4.4,8.9,188.8000031,1,DS,PD,PD,PD,PD,
7908,160665,1604,1,litu,0.8,16.2,693,1,A,A,A,A,A,
7909,160665,1604,1,litu,0.8,16.2,693,1,A,A,A,A,A,
7910,160665,1604,1,litu,0.8,16.2,693,1,A,A,A,A,A,
7942,160760,1606,1,fagr,19.6,12.7,215.1000061,1,A,A,A,A,A,
7954,160776,1608,1,fagr,12.2,5.7,141.8000031,1,A,A,A,A,A,
7955,160777,1608,1,litu,12.4,9.3,464.8999939,1,A,A,A,A,A,
7976,160808,1610,1,cato,18.3,18,382.1000061,1,A,A,A,A,A,
8023,160930,1608,1,litu,4.8,8,525.5,1,A,A,A,A,A,
8027,160935,1609,1,quve,6.3,0.9,601.0999756,1,A,A,A,A,A,
8028,160936,1609,1,nysy,4.1,4.1,199,1,A,A,A,A,A,
8074,161024,1614,1,fram,3.6,7.4,732.5,1,A,A,A,AU,DS,745
8085,161524,1616,1,quru,19.8,1.8,359,1,A,A,A,A,A,
8100,161554,1615,1,juni,10.6,10.6,420.5,1,A,A,A,A,A,
8108,161572,1616,1,caco,7.4,5.6,380.2999878,1,A,A,A,A,A,
8110,161576,1616,1,quru,4.2,10.3,565.5999756,1,A,A,A,A,A,
8126,162030,1618,1,qupr,1.6,19.8,142.3000031,1,A,A,A,A,A,
8142,162097,1620,1,ulru,5.5,15.6,203.8000031,1,DS,PD,PD,PD,PD,
8152,162116,1617,1,caovl,18,15.9,393.2999878,1,A,A,A,A,A,
8181,162265,1622,1,ulru,9.3,1,187.6999969,1,DS,PD,PD,PD,PD,
8187,162295,1623,1,qual,3.4,12.6,537,1,A,A,A,A,A,
8193,162327,1621,1,ulru,19.2,2.8,237.8999939,1,DS,PD,PD,PD,PD,
8196,162355,1621,1,juni,18,19.1,462,1,A,A,A,A,A,
8213,162397,1624,1,qual,17.9,3.9,353.8999939,1,DS,PD,PD,PD,PD,
8214,162398,1624,1,qual,18.6,5.4,532,1,A,A,A,A,A,
8222,162415,1625,1,qupr,19.3,8,383.1000061,1,DS,PD,A,A,A,
8223,162415,1625,1,qupr,19.3,8,383.1000061,1,A,A,A,A,A,
8232,162431,1626,1,cagl,10.7,7.8,167.6999969,1,A,A,A,A,A,
8233,162432,1626,1,pist,6,11.5,402.7999878,1,A,A,A,A,A,
8236,162438,1626,2,qupr,19.8,19.3,118.1999969,1,A,A,A,A,A,
8237,162438,1626,2,qupr,19.8,19.3,118.1999969,1,A,A,A,A,A,
8256,162458,1630,1,fram,13.3,18.5,286,1,A,A,A,DC,PD,286
8257,162458,1630,1,fram,13.3,18.5,286,1,DS,PD,A,DC,PD,286
8305,162527,1626,1,qupr,4.5,11.2,483.5,1,A,A,A,A,A,
8316,162543,1627,1,qual,7.5,16.6,890,1,A,A,A,A,A,
8328,162566,1628,1,quve,3.6,11.5,516.2000122,1,A,A,A,A,A,
8333,162575,1629,1,juni,3.3,2.8,513.0999756,1,A,A,A,A,A,
8334,162575,1629,1,juni,3.3,2.8,513.0999756,1,A,A,A,A,A,
8405,170994,1704,1,litu,18.4,16.1,555.9000244,1,A,A,A,A,A,
8425,171148,1705,1,ulru,4.4,14.4,379,1,A,DS,PD,PD,PD,
8427,171150,1706,1,fagr,8.9,4.4,139,1,A,A,A,A,A,
8437,171167,1707,1,quve,1,8.2,559.2000122,1,A,A,A,A,A,
8464,171199,1710,1,caovl,10.6,5.9,184,1,A,A,A,AU,DS,186
8524,171306,1712,1,fagr,11,11.3,256,1,A,A,A,A,A,
8540,171358,1714,1,fram,16,14.1,920,1,A,A,A,A,A,
8561,171409,1711,1,caovl,3.4,3.6,662.2000122,1,A,A,A,A,A,
8570,171421,1712,1,fram,7.4,10.5,264.8999939,1,A,A,A,A,A,
8588,171471,1715,1,qual,2.9,9.1,223.8999939,1,A,A,A,A,AU,
8612,172036,1719,1,qual,8.8,6.6,488,1,A,A,A,A,A,
8613,172039,1719,1,caovl,3.6,10.7,274.2000122,1,A,A,A,A,A,
8617,172055,1720,1,caovl,0.1,1.5,175.6000061,1,A,A,A,A,A,
8644,172168,1723,1,qual,5.5,19,274.3999939,1,A,A,A,A,A,
8663,172202,1717,1,quru,17.1,1.8,555.0999756,1,A,A,A,A,A,
8673,172218,1718,1,cagl,16.2,10.4,152.8999939,1,A,A,A,DS,PD,153
8681,172229,1719,1,litu,11.6,2,740,1,A,A,A,A,A,
8709,172332,1721,1,fram,3.3,15.5,251,1,A,A,A,AU,DS,249
8719,172372,1723,1,ulru,15.4,5.6,390.7999878,1,DS,PD,PD,PD,PD,
8763,172453,1727,1,juni,5.8,18.9,322,1,A,A,A,A,A,
8801,172517,1726,1,qupr,5.9,10.8,231,1,A,A,A,A,A,
8809,172534,1727,1,ulru,0.1,10.8,260.5,1,A,A,A,A,A,
8814,172542,1728,1,fram,10.3,11.5,200.1999969,1,A,A,A,A,A,
8825,172575,1730,1,fram,7.7,8.7,257,1,A,A,A,A,A,
8835,172594,1732,1,acru,0.5,6.4,235.1999969,1,A,A,A,A,A,
8836,172595,1732,1,caovl,5.4,11.3,309.7999878,1,DS,PD,PD,PD,PD,
8837,172595,1732,1,caovl,5.4,11.3,309.7999878,1,DS,PD,PD,PD,PD,
8872,172637,1732,1,juni,16.6,18.9,342,1,A,A,A,A,A,
8897,180341,1803,1,juni,18.4,7.6,641.5,1,A,A,A,A,A,
8911,180648,1804,1,juni,7.5,10.9,296,1,A,A,A,A,A,
8952,180751,1807,1,litu,16.4,13.3,605,1,A,A,A,A,A,
8972,180794,1811,1,litu,17.8,6.3,450,1,A,A,A,A,A,
9014,180870,1816,1,caovl,19.7,16.2,187.1999969,1,A,A,A,A,A,
9021,180906,1808,1,juni,6.9,6.2,514.2000122,1,A,A,DC,PD,PD,492
9037,180929,1809,1,quve,7.6,10.7,411.3999939,1,A,A,A,A,A,
9038,180930,1809,1,caovl,3,18.9,239,1,A,A,A,A,A,
9041,180934,1810,1,caovl,9.5,2.5,281.2000122,1,A,A,A,A,A,
9055,180952,1811,1,quru,2.6,14.6,567,1,A,A,A,A,A,
9058,180960,1811,1,qupr,9.8,11,184,1,A,A,A,DS,PD,169
9081,180988,1813,1,acru,3.3,19.5,206.3000031,1,A,A,A,A,A,
9082,180988,1813,1,acru,3.3,19.5,206.3000031,1,A,A,A,A,A,
9083,180988,1813,1,acru,3.3,19.5,206.3000031,1,A,A,A,A,A,
9088,180996,1814,1,qual,3.1,12.2,645,1,A,A,A,A,A,
9106,181034,1816,1,qupr,8.7,17.3,205.1999969,1,DS,PD,PD,PD,PD,
9116,182008,1817,1,caovl,16,3.9,271.8999939,1,A,A,A,A,A,
9143,182058,1819,1,pist,20,14.8,328,1,A,A,A,A,A,
9145,182060,1819,1,quru,16.1,14.2,205,1,A,A,A,A,A,
9159,182130,1821,1,quve,19,16.4,612,1,A,A,A,A,A,
9162,182137,1821,1,nysy,12.9,15,213.1999969,1,A,A,A,A,A,
9196,182272,1821,1,cagl,6.3,2.9,208,1,A,A,DS,PD,PD,205
9225,182396,1824,1,fram,19.9,18.6,363,1,A,A,A,A,A,
9259,182460,1829,1,ulru,2.1,9.4,211.1999969,1,A,A,A,A,A,
9270,182494,1831,1,ulru,9.2,7,180.3000031,1,A,A,A,A,A,
9328,182678,1828,1,fram,16.6,18.7,162.1999969,1,A,A,A,A,A,
9341,182689,1830,1,qual,10.9,0.6,516.7999878,1,A,A,A,A,A,
9342,182689,1830,1,qual,10.9,0.6,516.7999878,1,A,A,A,A,A,
9343,182689,1830,1,qual,10.9,0.6,516.7999878,1,A,A,A,A,A,
9353,182695,1830,1,fagr,17.5,18.8,191.6000061,1,A,A,A,A,A,
9355,182698,1831,1,ulru,19.9,7.6,216.1999969,1,A,A,A,A,A,
9356,182701,1831,1,ulru,12.2,14.5,183.1999969,1,A,A,A,A,A,
9382,190018,1901,1,litu,4.8,11.1,805.9000244,1,A,A,A,A,A,
9383,190018,1901,1,litu,4.8,11.1,805.9000244,1,A,A,A,A,A,
9396,190074,1902,1,juni,10.2,6,384.1000061,1,A,A,A,A,A,
9426,190438,1905,1,litu,13,13.8,701.2000122,1,A,A,A,A,A,
9442,190483,1908,1,juni,19.2,16.7,447.8999939,1,A,A,A,A,A,
9444,190497,1909,1,litu,3.6,6.2,152.1999969,1,A,A,A,A,A,
9479,190559,1912,1,tiam,8.9,11.5,265.7000122,1,A,A,A,A,A,
9480,190559,1912,1,tiam,8.9,11.5,265.7000122,1,A,A,A,A,A,
9510,190635,1906,1,fagr,7.6,4.8,182.8999939,1,A,A,A,A,A,
9539,190704,1910,1,caco,15.2,4.3,200.1999969,1,A,A,A,A,A,
9587,190830,1916,1,quve,18.5,2.4,464,1,A,A,A,DS,PD,459
9608,190929,1916,1,caovl,4.8,12.3,225.8999939,1,A,A,A,AU,DS,235
9621,192029,1918,1,qual,9.7,17.2,390.8999939,1,A,A,A,A,A,
9632,192068,1920,1,qupr,11.1,14.9,534.0999756,1,A,A,A,A,A,
9634,192070,1921,1,qupr,18.2,0.4,521,1,A,A,A,A,A,
9636,192074,1921,1,qupr,11.5,2.8,411.5,1,A,A,A,A,A,
9641,192083,1921,1,qupr,15.2,12.5,108.8000031,1,A,A,A,DS,PD,110
9649,192108,1922,1,qupr,17.1,13.9,114.5,1,A,A,A,A,A,
9657,192118,1922,1,nysy,7.3,18.7,289.2999878,1,A,A,A,A,A,
9664,192129,1923,1,litu,19.9,14.2,133.8000031,1,A,A,A,A,A,
9665,192130,1923,1,qupr,17,14.7,369.7999878,1,A,A,A,A,A,
9680,192149,1924,1,ulru,16.7,11.1,172.1999969,1,A,A,A,A,A,
9696,192213,1917,1,pist,8.4,17.6,502.5,1,A,A,A,A,A,
9702,192230,1919,1,nysy,2.9,6,166.3999939,1,A,A,A,A,A,
9705,192239,1919,1,quve,7.4,18.1,288.2000122,1,A,A,A,A,A,
9722,192283,1921,1,caovl,2.3,19.9,252,1,A,A,A,A,A,
9736,192361,1925,1,ulru,3.6,2,136.6000061,1,A,A,A,A,A,
9756,192517,1927,1,ulru,19.7,10.9,195,1,A,DS,PD,PD,PD,
9806,192588,1932,1,juni,12.8,6.9,258.7999878,1,A,DS,PD,PD,PD,
9820,192625,1926,1,cagl,14.1,15.6,213.1999969,1,A,A,A,A,A,
9821,192625,1926,1,cagl,14.1,15.6,213.1999969,1,A,A,A,A,A,
9828,192641,1927,1,fram,10.6,8.2,216.3000031,1,DC,PD,PD,PD,PD,
9858,192678,1929,1,ulru,1.9,16.3,170.5,1,A,A,A,A,A,
9881,192697,1932,1,fram,0.7,1.1,397.2999878,1,A,A,A,A,A,
9888,192707,1932,1,fram,12.1,5.1,250.3000031,1,A,A,A,AU,DS,250
9908,200038,2001,2,litu,3.6,9.6,843.7999878,1,A,A,A,A,A,
9909,200038,2001,2,litu,3.6,9.6,843.7999878,1,A,A,A,A,A,
9914,200168,2002,1,litu,2.8,14.6,432,1,A,A,A,A,A,
9936,200382,2003,1,juni,9.3,14.5,320.5,1,A,A,A,A,A,
9940,200389,2003,1,litu,8.7,18.2,359,1,A,A,A,A,A,
9965,200577,2007,1,juni,6.1,9.6,535.2000122,1,A,A,A,A,A,
9993,200812,2008,1,juni,8,1.2,548,1,DS,PD,A,A,A,
9994,200812,2008,1,juni,8,1.2,548,1,A,A,A,A,A,
10003,200825,2008,1,litu,0.9,14,300.8999939,1,A,A,A,A,A,
10018,200988,2010,1,litu,4.2,6.6,389.2000122,1,A,A,A,A,A,
10022,201024,2011,1,caco,16,1.2,234.1999969,1,A,A,A,A,A,
10032,201083,2013,1,caco,19.8,1.7,236,1,A,A,A,A,A,
10053,201191,2011,1,ulru,14.4,12.1,183,1,A,A,A,A,AU,
10075,201261,2013,1,juni,0.3,17.3,480,1,A,A,A,A,A,
10112,201332,2015,1,qual,18.9,17.4,456,1,A,A,A,A,A,
10122,201404,2015,1,caovl,3.7,9.5,195.5,1,A,A,A,A,A,
10179,202096,2021,1,litu,11.7,15.4,121.9000015,1,DC,PD,PD,PD,PD,
10186,202103,2022,1,qupr,13.9,6.5,115.5,1,A,A,A,A,A,
10205,202135,2023,1,qupr,3.8,15.2,405.2000122,1,DS,PD,PD,PD,PD,
10206,202135,2023,1,qupr,3.8,15.2,405.2000122,1,DC,PD,PD,PD,PD,
10215,202162,2024,2,litu,13.4,17.2,271,1,A,A,A,A,A,
10216,202162,2024,2,litu,13.4,17.2,271,1,A,A,A,A,A,
10230,202247,2018,1,nysy,3.4,12.4,154,1,A,A,A,A,A,
10248,202324,2021,1,qupr,5,19.7,108.1999969,1,A,A,A,A,A,
10251,202330,2022,1,caovl,1.8,4.4,200.6000061,1,A,A,A,A,A,
10262,202379,2025,1,fram,6.2,0.4,454.5,1,A,A,A,A,AU,
10264,202388,2025,1,ulru,7.8,6.6,230.5,1,DS,PD,PD,PD,PD,
10267,202496,2026,1,quru,7.5,11,242.8999939,1,A,A,A,A,A,
10269,202518,2027,1,ulru,1,7,197.8000031,1,DS,PD,PD,PD,PD,
10272,202528,2027,1,fram,0.6,14.7,155.1999969,1,A,A,A,A,DS,156
10277,202536,2028,1,fram,9.5,13.3,438.5,1,A,A,A,A,A,
10289,202555,2029,1,litu,3.9,18.8,755,1,A,A,A,A,A,
10300,202570,2031,1,ulru,4.8,0.6,183,1,A,A,A,A,AU,
10308,202585,2032,1,juni,1,4.8,420.2999878,1,A,A,A,A,A,
10341,202775,2027,1,fram,16.5,19.3,814,1,A,A,A,A,AU,
10361,202911,2029,1,ulru,10.3,12.8,176.8000031,1,DS,PD,PD,PD,PD,
10365,202924,2030,1,ulru,19.2,12.5,309.1000061,1,DS,PD,PD,PD,PD,
10369,202933,2030,1,fram,2.4,16.1,232.8000031,1,A,A,A,A,A,
10373,202941,2031,1,juni,18.8,6.7,498.7000122,1,A,A,A,A,A,
10381,202963,2032,1,ulru,18.3,13.9,232,1,A,A,A,A,A,
